Workbook

Sheet 차례
A1: 단단 문법 — 장마다 주요 단어
A2: 교재 각 장 앞쪽 '이 장의 단어' 쪽과 같은 단어입니다. 같은 권 안에서는 단어가 겹치지 않게 처음 나온 장에만 넣었습니다.
A4: 권 | B4: 장 | C4: 장 이름 | D4: 단어 수
A5: 중1 | B5: 1 | C5: be동사 | D5: =COUNTIF('중1'!$A:$A,B5)
A6: 중1 | B6: 2 | C6: 일반동사 | D6: =COUNTIF('중1'!$A:$A,B6)
A7: 중1 | B7: 3 | C7: 시제 — 진행형과 미래 | D7: =COUNTIF('중1'!$A:$A,B7)
A8: 중1 | B8: 4 | C8: 조동사 | D8: =COUNTIF('중1'!$A:$A,B8)
A9: 중1 | B9: 5 | C9: 명사와 관사 | D9: =COUNTIF('중1'!$A:$A,B9)
A10: 중1 | B10: 6 | C10: 대명사 | D10: =COUNTIF('중1'!$A:$A,B10)
A11: 중1 | B11: 7 | C11: 형용사·부사·비교 | D11: =COUNTIF('중1'!$A:$A,B11)
A12: 중1 | B12: 8 | C12: 문장의 종류 | D12: =COUNTIF('중1'!$A:$A,B12)
A13: 중1 | B13: 9 | C13: 문장의 형식 | D13: =COUNTIF('중1'!$A:$A,B13)
A14: 중1 | B14: 10 | C14: to부정사와 동명사 기초 | D14: =COUNTIF('중1'!$A:$A,B14)
A15: 중1 | B15: 11 | C15: 전치사 | D15: =COUNTIF('중1'!$A:$A,B15)
A16: 중1 | B16: 12 | C16: 접속사 | D16: =COUNTIF('중1'!$A:$A,B16)
C17: 중1 합계 | D17: =SUM(D5:D16)
A19: 중2 | B19: 1 | C19: 문장의 형식 — 5형식 | D19: =COUNTIF('중2'!$A:$A,B19)
A20: 중2 | B20: 2 | C20: 시제 — 현재완료 | D20: =COUNTIF('중2'!$A:$A,B20)
A21: 중2 | B21: 3 | C21: 조동사 | D21: =COUNTIF('중2'!$A:$A,B21)
A22: 중2 | B22: 4 | C22: 수동태 | D22: =COUNTIF('중2'!$A:$A,B22)
A23: 중2 | B23: 5 | C23: to부정사 | D23: =COUNTIF('중2'!$A:$A,B23)
A24: 중2 | B24: 6 | C24: 동명사 | D24: =COUNTIF('중2'!$A:$A,B24)
A25: 중2 | B25: 7 | C25: 분사 | D25: =COUNTIF('중2'!$A:$A,B25)
A26: 중2 | B26: 8 | C26: 대명사 | D26: =COUNTIF('중2'!$A:$A,B26)
A27: 중2 | B27: 9 | C27: 형용사·부사·비교 | D27: =COUNTIF('중2'!$A:$A,B27)
A28: 중2 | B28: 10 | C28: 문장의 종류 | D28: =COUNTIF('중2'!$A:$A,B28)
A29: 중2 | B29: 11 | C29: 접속사와 전치사 | D29: =COUNTIF('중2'!$A:$A,B29)
A30: 중2 | B30: 12 | C30: 관계대명사 | D30: =COUNTIF('중2'!$A:$A,B30)
C31: 중2 합계 | D31: =SUM(D19:D30)
A33: 중3 | B33: 1 | C33: 완료 시제 | D33: =COUNTIF('중3'!$A:$A,B33)
A34: 중3 | B34: 2 | C34: 조동사 | D34: =COUNTIF('중3'!$A:$A,B34)
A35: 중3 | B35: 3 | C35: 수동태 | D35: =COUNTIF('중3'!$A:$A,B35)
A36: 중3 | B36: 4 | C36: to부정사 | D36: =COUNTIF('중3'!$A:$A,B36)
A37: 중3 | B37: 5 | C37: 동명사 | D37: =COUNTIF('중3'!$A:$A,B37)
A38: 중3 | B38: 6 | C38: 분사 | D38: =COUNTIF('중3'!$A:$A,B38)
A39: 중3 | B39: 7 | C39: 비교 | D39: =COUNTIF('중3'!$A:$A,B39)
A40: 중3 | B40: 8 | C40: 접속사 | D40: =COUNTIF('중3'!$A:$A,B40)
A41: 중3 | B41: 9 | C41: 관계사 | D41: =COUNTIF('중3'!$A:$A,B41)
A42: 중3 | B42: 10 | C42: 가정법 | D42: =COUNTIF('중3'!$A:$A,B42)
A43: 중3 | B43: 11 | C43: 일치와 화법 | D43: =COUNTIF('중3'!$A:$A,B43)
A44: 중3 | B44: 12 | C44: 특수 구문 | D44: =COUNTIF('중3'!$A:$A,B44)
C45: 중3 합계 | D45: =SUM(D33:D44)
C47: 전체 합계 | D47: =D17+D31+D45

Sheet 중1
A1: 장 | B1: 장 이름 | C1: 번호 | D1: 단어 | E1: 품사 | F1: 뜻 | G1: 수준 | H1: 이 장에서 나온 횟수 | I1: 예문 (이 장에서) | J1: 예문 해석
A2: 1 | B2: be동사 | C2: 1 | D2: library | E2: 명사 | F2: 도서관 | G2: 기초 | H2: 16 | I2: Leo is in the library now. | J2: Leo 는 지금 도서관에 있다.
A3: 1 | B3: be동사 | C3: 2 | D3: museum | E3: 명사 | F3: 박물관 | G3: 기초 | H3: 10 | I3: Was the museum fun? — No, it wasn't. | J3: 그 박물관은 재미있었니? — 아니, 재미없었어.
A4: 1 | B4: be동사 | C4: 3 | D4: beach | E4: 명사 | F4: 해변 | G4: 기초 | H4: 9 | I4: We were at the beach last weekend. | J4: 우리는 지난 주말에 해변에 있었다.
A5: 1 | B5: be동사 | C5: 4 | D5: ready | E5: 형용사 | F5: 준비된 | G5: 중1 수준 | H5: 10 | I5: Are you ready for the quiz? | J5: 너는 퀴즈 볼 준비가 됐니?
A6: 1 | B6: be동사 | C6: 5 | D6: weekend | E6: 명사 | F6: 주말 | G6: 중1 수준 | H6: 8 | I6: We were at the beach last weekend. | J6: 우리는 지난 주말에 해변에 있었다.
A7: 1 | B7: be동사 | C7: 6 | D7: concert | E7: 명사 | F7: 음악회, 콘서트 | G7: 중1 수준 | H7: 8 | I7: Were you and Yuna at the concert? — No, we weren't. | J7: 너와 Yuna 는 그 콘서트에 있었니? — 아니, 없었어.
A8: 1 | B8: be동사 | C8: 7 | D8: crowded | E8: 형용사 | F8: 붐비는 | G8: 기초 | H8: 6 | I8: The park wasn't crowded on Sunday. | J8: 그 공원은 일요일에 붐비지 않았다.
A9: 1 | B9: be동사 | C9: 8 | D9: gym | E9: 명사 | F9: 체육관 | G9: 중1 수준 | H9: 7 | I9: Were the boys in the gym? — Yes, they were. | J9: 그 남자아이들은 체육관에 있었니? — 응, 있었어.
A10: 1 | B10: be동사 | C10: 9 | D10: quiz | E10: 명사 | F10: 쪽지 시험, 퀴즈 | G10: 중1 수준 | H10: 6 | I10: Are you ready for the quiz? | J10: 너는 퀴즈 볼 준비가 됐니?
A11: 1 | B11: be동사 | C11: 10 | D11: classmate | E11: 명사 | F11: 반 친구 | G11: 중1 수준 | H11: 5 | I11: Jimin and Sam were classmates two years ago. | J11: Jimin 과 Sam 은 2년 전에 반 친구였다.
A12: 1 | B12: be동사 | C12: 11 | D12: brave | E12: 형용사 | F12: 용감한 | G12: 중1 수준 | H12: 4 | I12: You were very brave at the hospital. | J12: 너는 병원에서 아주 용감했다.
A13: 1 | B13: be동사 | C13: 12 | D13: quiet | E13: 형용사 | F13: 조용한 | G13: 기초 | H13: 5 | I13: Mina was a quiet student. | J13: 미나는 조용한 학생이었다.
... A16: 1 | B16: be동사 | C16: 15 | D16: hospital | E16: 명사 | F16: 병원 | G16: 기초 | H16: 3 | I16: You were very brave at the hospital. | J16: 너는 병원에서 아주 용감했다.
A17: 1 | B17: be동사 | C17: 16 | D17: interested | E17: 형용사 | F17: 관심 있는 | G17: 중1 수준 | H17: 3
A18: 1 | B18: be동사 | C18: 17 | D18: kitchen | E18: 명사 | F18: 부엌 | G18: 중1 수준 | H18: 4 | I18: She's in the kitchen.
A19: 1 | B19: be동사 | C19: 18 | D19: yard | E19: 명사 | F19: 마당 | G19: 중1 수준 | H19: 3 | I19: There are three cats in the yard.
A20: 1 | B20: be동사 | C20: 19 | D20: proud | E20: 형용사 | F20: 자랑스러워하는 | G20: 중1 수준 | H20: 2 | I20: I was so proud.
A21: 1 | B21: be동사 | C21: 20 | D21: strict | E21: 형용사 | F21: 엄격한 | G21: 기초 | H21: 2 | I21: Her coach was very strict.
A22: 1 | B22: be동사 | C22: 21 | D22: firefighter | E22: 명사 | F22: 소방관 | G22: 기초 | H22: 2
A23: 1 | B23: be동사 | C23: 22 | D23: mountain | E23: 명사 | F23: 산 | G23: 기초 | H23: 5 | I23: Last weekend, my friends and I were in the mountains. | J23: 지난 주말에 나와 내 친구들은 산에 있었다.
A24: 1 | B24: be동사 | C24: 23 | D24: plenty | E24: 명사 | F24: 많음, 충분한 양 | G24: 중1 수준 | H24: 3
A25: 2 | B25: 일반동사 | C25: 1 | D25: fly | E25: 동사 | F25: 날리다, 날다 | G25: 중1 수준 | H25: 13 | I25: We flew a kite in the park. | J25: 우리는 공원에서 연을 날렸다.
A26: 2 | B26: 일반동사 | C26: 2 | D26: carry | E26: 동사 | F26: 나르다, 들고 가다 | G26: 중1 수준 | H26: 9 | I26: Every day we carried water to them.
A27: 2 | B27: 일반동사 | C27: 3 | D27: drive | E27: 동사 | F27: 운전하다 | G27: 중1 수준 | H27: 8 | I27: My parents don't drive to work. | J27: 우리 부모님은 차를 몰고 출근하지 않으신다.
A28: 2 | B28: 일반동사 | C28: 4 | D28: early | E28: 부사 | F28: 일찍 | G28: 중1 수준 | H28: 10 | I28: My brother doesn't get up early.
A29: 2 | B29: 일반동사 | C29: 5 | D29: teach | E29: 동사 | F29: 가르치다 | G29: 기초 | H29: 10 | I29: My uncle teaches science at a high school. | J29: 우리 삼촌은 고등학교에서 과학을 가르치신다.
A30: 2 | B30: 일반동사 | C30: 6 | D30: cross | E30: 동사 | F30: 건너다 | G30: 중1 수준 | H30: 4 | I30: How did the children cross the river? | J30: 그 아이들은 어떻게 그 강을 건넜니?
A31: 2 | B31: 일반동사 | C31: 7 | D31: cry | E31: 동사 | F31: 울다 | G31: 중1 수준 | H31: 6 | I31: The baby cries at night. | J31: 그 아기는 밤에 운다.
A32: 2 | B32: 일반동사 | C32: 8 | D32: letter | E32: 명사 | F32: 편지 | G32: 기초 | H32: 4 | I32: Somi wrote a letter to her grandma. | J32: Somi 는 할머니께 편지를 썼다.
A33: 2 | B33: 일반동사 | C33: 9 | D33: understand | E33: 동사 | F33: 이해하다 | G33: 중1 수준 | H33: 5
A34: 2 | B34: 일반동사 | C34: 10 | D34: catch | E34: 동사 | F34: (버스를) 잡아타다, 잡다 | G34: 중1 수준 | H34: 3
A35: 2 | B35: 일반동사 | C35: 11 | D35: choose | E35: 동사 | F35: 고르다 | G35: 중1 수준 | H35: 3 | I35: Each student in our class chooses a book every Monday. | J35: 우리 반 학생은 저마다 월요일마다 책을 한 권 고른다.
A36: 2 | B36: 일반동사 | C36: 12 | D36: move | E36: 동사 | F36: 이사하다, 움직이다 | G36: 중1 수준 | H36: 4 | I36: Two years ago, my family moved to Seoul. | J36: 2년 전에 우리 가족은 서울로 이사했다.
A37: 2 | B37: 일반동사 | C37: 13 | D37: together | E37: 부사 | F37: 함께 | G37: 중1 수준 | H37: 4 | I37: In my house, we don't eat breakfast together.
A38: 2 | B38: 일반동사 | C38: 14 | D38: guess | E38: 동사 | F38: 알아맞히다, 추측하다 | G38: 중1 수준 | H38: 2 | I38: We guessed the answer right on the first try.
A39: 2 | B39: 일반동사 | C39: 15 | D39: imagine | E39: 동사 | F39: 상상하다 | G39: 중1 수준 | H39: 2
A40: 2 | B40: 일반동사 | C40: 16 | D40: cook | E40: 동사 | F40: 요리하다 | G40: 기초 | H40: 6 | I40: Dad cooks dinner on Sundays. | J40: 아빠는 일요일마다 저녁을 요리하신다.
A41: 2 | B41: 일반동사 | C41: 17 | D41: breakfast | E41: 명사 | F41: 아침 식사 | G41: 중1 수준 | H41: 4 | I41: I didn't eat breakfast this morning.
A42: 2 | B42: 일반동사 | C42: 18 | D42: shrink | E42: 동사 | F42: 줄어들다 | G42: 중1 수준 | H42: 2
A43: 2 | B43: 일반동사 | C43: 19 | D43: visit | E43: 동사 | F43: 방문하다, 찾아뵙다 | G43: 기초 | H43: 8 | I43: Did Jake visit his aunt? — No, he didn't. | J43: Jake 는 이모를 찾아뵈었니? — 아니, 안 찾아뵈었어.
A44: 2 | B44: 일반동사 | C44: 20 | D44: watch | E44: 동사 | F44: 보다, 지켜보다 | G44: 중1 수준 | H44: 11 | I44: Max doesn't watch TV at night. | J44: Max 는 밤에 TV 를 보지 않는다.
A45: 2 | B45: 일반동사 | C45: 21 | D45: science | E45: 명사 | F45: 과학 | G45: - | H45: 7 | I45: My uncle teaches science at a high school. | J45: 우리 삼촌은 고등학교에서 과학을 가르치신다.
A46: 2 | B46: 일반동사 | C46: 22 | D46: hatch | E46: 동사 | F46: 부화하다 | G46: 중1 수준 | H46: 3
A47: 3 | B47: 시제 — 진행형과 미래 | C47: 1 | D47: arrive | E47: 동사 | F47: 도착하다 | G47: 중1 수준 | H47: 19 | I47: It was snowing heavily when we arrived. | J47: 우리가 도착했을 때 눈이 많이 내리고 있었다. ( snowed / was snowing )
A48: 3 | B48: 시제 — 진행형과 미래 | C48: 2 | D48: call | E48: 동사 | F48: 전화하다 | G48: 중1 수준 | H48: 14 | I48: Did Chris call you last night? | J48: Chris 가 어젯밤에 너에게 전화했니?
A49: 3 | B49: 시제 — 진행형과 미래 | C49: 3 | D49: climb | E49: 동사 | F49: 오르다 | G49: 중1 수준 | H49: 5 | I49: Look! A squirrel is climbing the tree. | J49: 봐! 다람쥐 한 마리가 그 나무를 오르고 있어.
A50: 3 | B50: 시제 — 진행형과 미래 | C50: 4 | D50: win | E50: 동사 | F50: 이기다 | G50: 기초 | H50: 6 | I50: Our team won the soccer game on Sunday. | J50: 우리 팀은 일요일에 그 축구 경기에서 이겼다.
A51: 3 | B51: 시제 — 진행형과 미래 | C51: 5 | D51: cancel | E51: 동사 | F51: 취소하다 | G51: 중1 수준 | H51: 4 | I51: If it rains tomorrow, we will cancel the picnic. | J51: 내일 비가 오면 우리는 소풍을 취소할 것이다.
A52: 3 | B52: 시제 — 진행형과 미래 | C52: 6 | D52: enter | E52: 동사 | F52: 들어가다 | G52: 중1 수준 | H52: 4 | I52: When I entered the classroom, Ms. Kim was writing a poem on the board. | J52: 내가 교실에 들어갔을 때 김 선생님은 칠판에 시를 쓰고 계셨다.
A53: 3 | B53: 시제 — 진행형과 미래 | C53: 7 | D53: prepare | E53: 동사 | F53: 준비하다 | G53: 중1 수준 | H53: 4 | I53: We are preparing a surprise party for our teacher at the moment.
A54: 3 | B54: 시제 — 진행형과 미래 | C54: 8 | D54: airport | E54: 명사 | F54: 공항 | G54: 기초 | H54: 3 | I54: Aunt Kate is going to the airport now. | J54: Kate 이모는 지금 공항에 가고 있다.
A55: 3 | B55: 시제 — 진행형과 미래 | C55: 9 | D55: contain | E55: 동사 | F55: 들어 있다, 담고 있다 | G55: 중1 수준 | H55: 3
A56: 3 | B56: 시제 — 진행형과 미래 | C56: 10 | D56: explain | E56: 동사 | F56: 설명하다 | G56: 중1 수준 | H56: 3
A57: 3 | B57: 시제 — 진행형과 미래 | C57: 11 | D57: include | E57: 동사 | F57: 포함하다 | G57: 중1 수준 | H57: 3
A58: 3 | B58: 시제 — 진행형과 미래 | C58: 12 | D58: nap | E58: 동사 | F58: 낮잠 자다 | G58: 중1 수준 | H58: 3 | I58: Shh! Grandpa is napping on the sofa.
A59: 3 | B59: 시제 — 진행형과 미래 | C59: 13 | D59: travel | E59: 동사 | F59: 여행하다 | G59: 중1 수준 | H59: 5 | I59: Next summer, my family is going to travel to Vietnam.
A60: 3 | B60: 시제 — 진행형과 미래 | C60: 14 | D60: exam | E60: 명사 | F60: 시험 | G60: 기초 | H60: 3 | I60: My older brother usually plays basketball after school, but he is studying for his exams this week. | J60: 우리 형은 평소에 방과 후에 농구를 하지만, 이번 주에는 시험공부를 하고 있다.
A61: 3 | B61: 시제 — 진행형과 미래 | C61: 15 | D61: bark | E61: 동사 | F61: 짖다 | G61: 중1 수준 | H61: 4 | I61: The dog was barking all night.
A62: 3 | B62: 시제 — 진행형과 미래 | C62: 16 | D62: east | E62: 명사 | F62: 동쪽 | G62: 기초 | H62: 2 | I62: The sun rises in the east.
A63: 3 | B63: 시제 — 진행형과 미래 | C63: 17 | D63: sunlight | E63: 명사 | F63: 햇빛 | G63: - | H63: 3 | I63: Plants need sunlight and water. | J63: 식물은 햇빛과 물이 필요하다.
A64: 3 | B64: 시제 — 진행형과 미래 | C64: 18 | D64: believe | E64: 동사 | F64: 믿다 | G64: 중1 수준 | H64: 12 | I64: At first, I did not believe his story about the giant fish. | J64: 처음에 나는 거대한 물고기에 관한 그의 이야기를 믿지 않았다.
A65: 3 | B65: 시제 — 진행형과 미래 | C65: 19 | D65: belong | E65: 동사 | F65: (~의) 것이다, 속하다 | G65: 중1 수준 | H65: 6
A66: 3 | B66: 시제 — 진행형과 미래 | C66: 20 | D66: practice | E66: 동사 | F66: 연습하다 | G66: 기초 | H66: 14 | I66: Leo was practicing the drums at ten last night. | J66: Leo 는 어젯밤 10시에 드럼을 연습하고 있었다.
A67: 3 | B67: 시제 — 진행형과 미래 | C67: 21 | D67: lunchtime | E67: 명사 | F67: 점심시간 | G67: - | H67: 3 | I67: What were you doing at lunchtime? | J67: 너는 점심시간에 뭘 하고 있었니?
A68: 3 | B68: 시제 — 진행형과 미래 | C68: 22 | D68: worker | E68: 명사 | F68: 일하는 사람, 직원 | G68: 기초 | H68: 4 | I68: Since the shop is closing in ten minutes, the workers are turning off the lights one by one.
A69: 4 | B69: 조동사 | C69: 1 | D69: wear | E69: 동사 | F69: 입다, 착용하다 | G69: 기초 | H69: 27 | I69: Students must wear a name tag at school. | J69: 학생들은 학교에서 이름표를 달아야 한다.
A70: 4 | B70: 조동사 | C70: 2 | D70: spend | E70: 동사 | F70: (시간을) 보내다, 쓰다 | G70: 중1 수준 | H70: 6 | I70: Our flight was late, so we had to spend three hours at the airport. | J70: 우리 비행기가 늦어서, 우리는 공항에서 세 시간을 보내야 했다.
A71: 4 | B71: 조동사 | C71: 3 | D71: borrow | E71: 동사 | F71: 빌리다 | G71: 중1 수준 | H71: 4 | I71: Can I borrow your eraser? | J71: 네 지우개 좀 빌려도 될까?
A72: 4 | B72: 조동사 | C72: 4 | D72: paint | E72: 동사 | F72: (페인트를) 칠하다 | G72: 기초 | H72: 6 | I72: Which color should we paint the fence? | J72: 우리는 그 울타리를 무슨 색으로 칠해야 할까?
A73: 4 | B73: 조동사 | C73: 5 | D73: collect | E73: 동사 | F73: 모으다 | G73: 중1 수준 | H73: 2 | I73: Our class should collect old books for the library.
A74: 4 | B74: 조동사 | C74: 6 | D74: permission | E74: 명사 | F74: 허락 | G74: 중1 수준 | H74: 2 | I74: If students want to join this contest, do they have to get their parents' permission? | J74: 학생들이 이 대회에 참가하고 싶으면, 부모님의 허락을 받아야 하나요?
A75: 4 | B75: 조동사 | C75: 7 | D75: solve | E75: 동사 | F75: 풀다, 해결하다 | G75: 중1 수준 | H75: 4 | I75: Hana is only twelve, but she can solve high school math problems.
A76: 4 | B76: 조동사 | C76: 8 | D76: volunteer | E76: 명사 | F76: 자원봉사자 | G76: 중1 수준 | H76: 2 | I76: Do the volunteers at the animal shelter have to come early on weekends? | J76: 그 동물 보호소의 자원봉사자들은 주말마다 일찍 와야 하나요?
A77: 4 | B77: 조동사 | C77: 9 | D77: waste | E77: 동사 | F77: 낭비하다 | G77: 중1 수준 | H77: 2 | I77: We should not waste food.
A78: 4 | B78: 조동사 | C78: 10 | D78: without | E78: 전치사 | F78: ~ 없이 | G78: 중1 수준 | H78: 4 | I78: The kittens may be lonely without their mother. | J78: 그 새끼 고양이들은 엄마 없이 외로울지도 모른다.
A79: 4 | B79: 조동사 | C79: 11 | D79: difficult | E79: 형용사 | F79: 어려운 | G79: 중1 수준 | H79: 3 | I79: My cousin studied piano for ten years, so she can play difficult pieces by heart.
A80: 4 | B80: 조동사 | C80: 12 | D80: glasses | E80: 명사 | F80: 안경 | G80: 기초 | H80: 8 | I80: Hana doesn't have to wear glasses.
A81: 4 | B81: 조동사 | C81: 13 | D81: draw | E81: 동사 | F81: 그리다 | G81: 기초 | H81: 4 | I81: The keys to the classroom may be in Mr. Kim's desk drawer. | J81: 교실 열쇠들은 김 선생님의 책상 서랍 안에 있을지도 모른다.
A82: 4 | B82: 조동사 | C82: 14 | D82: speak | E82: 동사 | F82: (언어를) 하다, 말하다 | G82: 중1 수준 | H82: 4 | I82: My cousins are able to speak German. | J82: 내 사촌들은 독일어를 할 수 있다.
A83: 4 | B83: 조동사 | C83: 15 | D83: smartphone | E83: 명사 | F83: 스마트폰 | G83: 중1 수준 | H83: 2 | I83: Can your grandpa use a smartphone? | J83: 너희 할아버지는 스마트폰을 쓰실 수 있니?
A84: 4 | B84: 조동사 | C84: 16 | D84: cartoon | E84: 명사 | F84: 만화 | G84: 중1 수준 | H84: 1
A85: 4 | B85: 조동사 | C85: 17 | D85: tag | E85: 명사 | F85: 표, 꼬리표 | G85: 기초 | H85: 4 | I85: Students must wear a name tag at school. | J85: 학생들은 학교에서 이름표를 달아야 한다.
A86: 4 | B86: 조동사 | C86: 18 | D86: problem | E86: 명사 | F86: 문제 | G86: 기초 | H86: 5 | I86: Before giving up, Mina should try the math problem again. | J86: 포기하기 전에 Mina 는 그 수학 문제를 다시 풀어 봐야 한다.
A87: 4 | B87: 조동사 | C87: 19 | D87: hit | E87: 동사 | F87: 덮치다, 치다 | G87: 기초 | H87: 2
A88: 4 | B88: 조동사 | C88: 20 | D88: shelter | E88: 명사 | F88: 보호소 | G88: 중1 수준 | H88: 2 | I88: Do the volunteers at the animal shelter have to come early on weekends? | J88: 그 동물 보호소의 자원봉사자들은 주말마다 일찍 와야 하나요?
A89: 4 | B89: 조동사 | C89: 21 | D89: contest | E89: 명사 | F89: 대회 | G89: 중1 수준 | H89: 6 | I89: If students want to join this contest, do they have to get their parents' permission? | J89: 학생들이 이 대회에 참가하고 싶으면, 부모님의 허락을 받아야 하나요?
A90: 5 | B90: 명사와 관사 | C90: 1 | D90: news | E90: 명사 | F90: 뉴스, 소식 | G90: 기초 | H90: 9 | I90: The news is on TV now.
A91: 5 | B91: 명사와 관사 | C91: 2 | D91: farmer | E91: 명사 | F91: 농부 | G91: 기초 | H91: 10 | I91: The farmer has ten sheep.
A92: 5 | B92: 명사와 관사 | C92: 3 | D92: market | E92: 명사 | F92: 시장 | G92: 기초 | H92: 7 | I92: Emma bought five potatoes at the market. | J92: Emma 는 시장에서 감자 다섯 개를 샀다.
A93: 5 | B93: 명사와 관사 | C93: 4 | D93: furniture | E93: 명사 | F93: 가구 | G93: 중1 수준 | H93: 4 | I93: The furniture in my room is white. | J93: 내 방에 있는 가구는 하얀색이다.
A94: 5 | B94: 명사와 관사 | C94: 5 | D94: advice | E94: 명사 | F94: 조언, 충고 | G94: 중1 수준 | H94: 3 | I94: The advice from my teacher and my two older cousins was a great help when I prepared for the contest. | J94: 선생님과 사촌 언니 두 명이 해 준 조언은 내가 그 대회를 준비할 때 큰 도움이 되었다.
A95: 5 | B95: 명사와 관사 | C95: 6 | D95: information | E95: 명사 | F95: 정보 | G95: 중1 수준 | H95: 1
A96: 5 | B96: 명사와 관사 | C96: 7 | D96: knowledge | E96: 명사 | F96: 지식 | G96: 중1 수준 | H96: 2
A97: 5 | B97: 명사와 관사 | C97: 8 | D97: litter | E97: 명사 | F97: (버려진) 쓰레기 | G97: 중1 수준 | H97: 2 | I97: Yesterday, the litter from the park and the two beaches was heavier than we expected. | J97: 어제 공원과 해변 두 곳에서 나온 쓰레기는 우리가 생각한 것보다 더 무거웠다.
A98: 5 | B98: 명사와 관사 | C98: 9 | D98: bunch | E98: 명사 | F98: 다발, 송이 | G98: 중1 수준 | H98: 3
A99: 5 | B99: 명사와 관사 | C99: 10 | D99: piece | E99: 명사 | F99: 조각, 장 | G99: 기초 | H99: 5 | I99: I need a piece of paper. | J99: 나는 종이 한 장이 필요하다. ( piece / bowl )
A100: 5 | B100: 명사와 관사 | C100: 11 | D100: glass | E100: 명사 | F100: 유리잔, 잔 | G100: 기초 | H100: 7 | I100: Can I have a glass of water? | J100: 물 한 잔 마셔도 될까요?
A101: 5 | B101: 명사와 관사 | C101: 12 | D101: delicious | E101: 형용사 | F101: 맛있는 | G101: 기초 | H101: 3 | I101: Mom made a cake, and the cake was delicious. | J101: 엄마가 케이크를 하나 만드셨는데, 그 케이크는 맛있었다.
A102: 5 | B102: 명사와 관사 | C102: 13 | D102: dollar | E102: 명사 | F102: 달러 | G102: 기초 | H102: 3 | I102: The bakery near our school sells its famous cream bread for two dollars a piece.
...

Sheet 중2
A1: 장 | B1: 장 이름 | C1: 번호 | D1: 단어 | E1: 품사 | F1: 뜻 | G1: 수준 | H1: 이 장에서 나온 횟수 | I1: 예문 (이 장에서) | J1: 예문 해석
A2: 1 | B2: 문장의 형식 — 5형식 | C2: 1 | D2: name | E2: 동사 | F2: 이름을 짓다 | G2: 중1 수준 | H2: 32 | I2: Mina named her goldfish Bubbles. | J2: Mina 는 자기 금붕어의 이름을 Bubbles 라고 지었다.
A3: 1 | B3: 문장의 형식 — 5형식 | C3: 2 | D3: consider | E3: 동사 | F3: ~라고 여기다 | G3: 중1 수준 | H3: 19 | I3: We all consider Ms. Yoon a great teacher. | J3: 우리는 모두 Yoon 선생님을 훌륭한 선생님으로 여긴다.
A4: 1 | B4: 문장의 형식 — 5형식 | C4: 3 | D4: healthy | E4: 형용사 | F4: 건강한 | G4: 중1 수준 | H4: 14 | I4: Regular exercise and good sleep keep your body healthy. | J4: 규칙적인 운동과 충분한 잠은 너의 몸을 건강하게 유지해 준다.
A5: 1 | B5: 문장의 형식 — 5형식 | C5: 4 | D5: classmate | E5: 명사 | F5: 반 친구 | G5: 중1 수준 | H5: 3 | I5: Our classmates call Daniel Rocket because he runs fast. | J5: 우리 반 친구들은 Daniel 이 빨리 달려서 그를 Rocket 이라고 부른다.
A6: 1 | B6: 문장의 형식 — 5형식 | C6: 5 | D6: elect | E6: 동사 | F6: 선출하다, 뽑다 | G6: 중1 수준 | H6: 6 | I6: We elected Seojun class president yesterday. | J6: 우리는 어제 Seojun 을 반장으로 뽑았다.
A7: 1 | B7: 문장의 형식 — 5형식 | C7: 6 | D7: hero | E7: 명사 | F7: 영웅 | G7: 중1 수준 | H7: 8 | I7: People call him a hero.
A8: 1 | B8: 문장의 형식 — 5형식 | C8: 7 | D8: comfortable | E8: 형용사 | F8: 편안한 | G8: 중1 수준 | H8: 9 | I8: My new shoes make my feet comfortable. | J8: 내 새 신발은 내 발을 편하게 해 준다.
A9: 1 | B9: 문장의 형식 — 5형식 | C9: 8 | D9: column | E9: 명사 | F9: (신문의) 칼럼 | G9: 중1 수준 | H9: 2 | I9: Our school newspaper started a new column this year.
A10: 1 | B10: 문장의 형식 — 5형식 | C10: 9 | D10: symbol | E10: 명사 | F10: 상징 | G10: 중1 수준 | H10: 1 | I10: The art club painted its statue white, and many students consider it a symbol of courage.
A11: 1 | B11: 문장의 형식 — 5형식 | C11: 10 | D11: courage | E11: 명사 | F11: 용기 | G11: 중1 수준 | H11: 1 | I11: The art club painted its statue white, and many students consider it a symbol of courage.
A12: 1 | B12: 문장의 형식 — 5형식 | C12: 11 | D12: pollution | E12: 명사 | F12: 오염 | G12: 중1 수준 | H12: 1 | I12: Sadly, pollution and fewer wild flowers are making bee life difficult, and many scientists consider the situation a warning.
A13: 1 | B13: 문장의 형식 — 5형식 | C13: 12 | D13: situation | E13: 명사 | F13: 상황 | G13: 중1 수준 | H13: 1 | I13: Sadly, pollution and fewer wild flowers are making bee life difficult, and many scientists consider the situation a warning.
A14: 1 | B14: 문장의 형식 — 5형식 | C14: 13 | D14: nervous | E14: 형용사 | F14: 긴장한, 불안한 | G14: 중1 수준 | H14: 7 | I14: The vacuum cleaner made the puppy nervous.
A15: 1 | B15: 문장의 형식 — 5형식 | C15: 14 | D15: impatient | E15: 형용사 | F15: 참을성 없는 | G15: 중1 수준 | H15: 3 | I15: Did the long line make you impatient?
A16: 1 | B16: 문장의 형식 — 5형식 | C16: 15 | D16: leader | E16: 명사 | F16: 지도자, 대표 | G16: 중1 수준 | H16: 4 | I16: We chose Ian our team leader.
A17: 2 | B17: 시제 — 현재완료 | C17: 1 | D17: lose | E17: 동사 | F17: 잃어버리다, 지다 | G17: 중1 수준 | H17: 12 | I17: Oh no! I have lost my library card. | J17: 이런! 나 도서관 카드를 잃어버렸어.
A18: 2 | B18: 시제 — 현재완료 | C18: 2 | D18: laptop | E18: 명사 | F18: 노트북 컴퓨터 | G18: 중1 수준 | H18: 6 | I18: I have used this laptop since 2021.
A19: 2 | B19: 시제 — 현재완료 | C19: 3 | D19: several | E19: 형용사 | F19: 여러, 몇몇의 | G19: 중1 수준 | H19: 6 | I19: Sujin has played the cello in concerts several times.
A20: 2 | B20: 시제 — 현재완료 | C20: 4 | D20: abroad | E20: 부사 | F20: 해외에 | G20: 중1 수준 | H20: 3 | I20: Has your brother ever been abroad? | J20: 네 형은 외국에 가 본 적이 있니?
A21: 2 | B21: 시제 — 현재완료 | C21: 5 | D21: contest | E21: 명사 | F21: 대회 | G21: 중1 수준 | H21: 6 | I21: Mina won a medal at the speech contest last week. | J21: Mina는 지난주에 말하기 대회에서 메달을 땄다.
A22: 2 | B22: 시제 — 현재완료 | C22: 6 | D22: miss | E22: 동사 | F22: 빠지다, 놓치다 | G22: 중1 수준 | H22: 3 | I22: Jane hasn't missed a day since she joined this class. | J22: Jane은 이 반에 들어온 이후로 하루도 결석하지 않았다.
A23: 2 | B23: 시제 — 현재완료 | C23: 7 | D23: asleep | E23: 형용사 | F23: 잠든 | G23: - | H23: 1 | I23: The baby has been asleep for two hours.
A24: 2 | B24: 시제 — 현재완료 | C24: 8 | D24: popular | E24: 형용사 | F24: 인기 있는 | G24: 중1 수준 | H24: 3 | I24: The city history museum, which reopened in May after two years of repairs, has become popular again.
A25: 2 | B25: 시제 — 현재완료 | C25: 9 | D25: speech | E25: 명사 | F25: 말하기, 연설 | G25: 중1 수준 | H25: 3 | I25: Mina won a medal at the speech contest last week. | J25: Mina는 지난주에 말하기 대회에서 메달을 땄다.
A26: 2 | B26: 시제 — 현재완료 | C26: 10 | D26: legend | E26: 명사 | F26: 전설적인 인물 | G26: 중1 수준 | H26: 1 | I26: Fans consider him a legend.
A27: 2 | B27: 시제 — 현재완료 | C27: 11 | D27: notice | E27: 동사 | F27: 알아차리다 | G27: 중1 수준 | H27: 1 | I27: Have you ever noticed that cats almost always land on their feet when they fall?
A28: 2 | B28: 시제 — 현재완료 | C28: 12 | D28: perform | E28: 동사 | F28: 공연하다 | G28: 중1 수준 | H28: 1 | I28: The pianist who is performing at our school tonight has played in more than twenty countries.
A29: 2 | B29: 시제 — 현재완료 | C29: 13 | D29: touch | E29: 동사 | F29: 손대다, 만지다 | G29: 기초 | H29: 2 | I29: The workers have just painted the fence, so don't touch it.
A30: 2 | B30: 시제 — 현재완료 | C30: 14 | D30: history | E30: 명사 | F30: 역사 | G30: 중1 수준 | H30: 2 | I30: The city history museum, which reopened in May after two years of repairs, has become popular again.
A31: 2 | B31: 시제 — 현재완료 | C31: 15 | D31: valuable | E31: 형용사 | F31: 귀중한, 값비싼 | G31: 중1 수준 | H31: 1
A32: 2 | B32: 시제 — 현재완료 | C32: 16 | D32: quite | E32: 부사 | F32: 꽤, 상당히 | G32: 중1 수준 | H32: 1
A33: 3 | B33: 조동사 | C33: 1 | D33: hurry | E33: 동사 | F33: 서두르다 | G33: 중1 수준 | H33: 3 | I33: We had better hurry, or we will be late. | J33: 우리는 서두르는 게 낫다. 안 그러면 늦을 것이다.
A34: 3 | B34: 조동사 | C34: 2 | D34: carry | E34: 동사 | F34: 나르다, 들고 가다 | G34: 중1 수준 | H34: 3 | I34: You had better carry the eggs carefully. | J34: 너는 그 달걀들을 조심해서 옮기는 게 좋겠다.
A35: 3 | B35: 조동사 | C35: 3 | D35: catch | E35: 동사 | F35: (차를) 타다, 잡다 | G35: 중1 수준 | H35: 3 | I35: They'd better leave now if they want to catch the train.
A36: 3 | B36: 조동사 | C36: 4 | D36: spend | E36: 동사 | F36: (시간을) 보내다 | G36: 중1 수준 | H36: 2
A37: 3 | B37: 조동사 | C37: 5 | D37: company | E37: 명사 | F37: 회사 | G37: 중1 수준 | H37: 1 | I37: My aunt, who has worked for the company for twenty years, is used to going to work early in the morning. | J37: 그 회사에서 20년 동안 일해 온 우리 이모는 아침 일찍 출근하는 것에 익숙하다.
A38: 3 | B38: 조동사 | C38: 6 | D38: reply | E38: 동사 | F38: 답장하다 | G38: 중1 수준 | H38: 1 | I38: You had better not reply to that text from a stranger. | J38: 너는 낯선 사람에게서 온 그 문자에 답하지 않는 게 좋겠다.
A39: 3 | B39: 조동사 | C39: 7 | D39: sunscreen | E39: 명사 | F39: 자외선 차단제 | G39: 중1 수준 | H39: 1 | I39: You'd better put on some sunscreen before going out.
A40: 3 | B40: 조동사 | C40: 8 | D40: tool | E40: 명사 | F40: 도구 | G40: 중1 수준 | H40: 1 | I40: The small tools that he kept in his shop were used to open the backs of watches.
A41: 3 | B41: 조동사 | C41: 9 | D41: drive | E41: 동사 | F41: 태워다 주다, (~하게) 만들다 | G41: 중1 수준 | H41: 7 | I41: Every morning, Dad drives us to school.
A42: 3 | B42: 조동사 | C42: 10 | D42: dinosaur | E42: 명사 | F42: 공룡 | G42: - | H42: 1 | I42: I would like to see the dinosaur room first.
A43: 3 | B43: 조동사 | C43: 11 | D43: lens | E43: 명사 | F43: 렌즈 | G43: 중1 수준 | H43: 1
A44: 3 | B44: 조동사 | C44: 12 | D44: ticket | E44: 명사 | F44: 표, 입장권 | G44: 중1 수준 | H44: 4
A45: 3 | B45: 조동사 | C45: 13 | D45: contact | E45: 명사 | F45: 연락처 | G45: 중1 수준 | H45: 1
A46: 3 | B46: 조동사 | C46: 14 | D46: bowling | E46: 명사 | F46: 볼링 | G46: 중1 수준 | H46: 2
A47: 4 | B47: 수동태 | C47: 1 | D47: arrive | E47: 동사 | F47: 도착하다 | G47: 중1 수준 | H47: 20 | I47: My package arrived two days late. | J47: 내 택배가 이틀 늦게 도착했다.
A48: 4 | B48: 수동태 | C48: 2 | D48: happen | E48: 동사 | F48: 일어나다, 생기다 | G48: 중1 수준 | H48: 14 | I48: Something funny happened in science class. | J48: 과학 시간에 웃긴 일이 일어났다.
A49: 4 | B49: 수동태 | C49: 3 | D49: appear | E49: 동사 | F49: 나타나다 | G49: - | H49: 12 | I49: The sun appeared behind the hill.
A50: 4 | B50: 수동태 | C50: 4 | D50: disappear | E50: 동사 | F50: 사라지다 | G50: 중1 수준 | H50: 1
A51: 4 | B51: 수동태 | C51: 5 | D51: occur | E51: 동사 | F51: 발생하다 | G51: 고교 수준 | H51: 1
A52: 4 | B52: 수동태 | C52: 6 | D52: festival | E52: 명사 | F52: 축제 | G52: 중1 수준 | H52: 4 | I52: The festival is going to be held by the river next Saturday. | J52: 그 축제는 다음 주 토요일에 강가에서 열릴 예정이다.
A53: 4 | B53: 수동태 | C53: 7 | D53: postpone | E53: 동사 | F53: 미루다, 연기하다 | G53: 중1 수준 | H53: 5 | I53: The meeting may be postponed until next week. | J53: 그 회의는 다음 주로 미뤄질지도 모른다.
A54: 4 | B54: 수동태 | C54: 8 | D54: share | E54: 동사 | F54: 공유하다, 나누다 | G54: 중1 수준 | H54: 4 | I54: Your password must not be shared with anyone. | J54: 당신의 비밀번호는 누구와도 공유되어서는 안 된다.
A55: 4 | B55: 수동태 | C55: 9 | D55: cancel | E55: 동사 | F55: 취소하다 | G55: 중1 수준 | H55: 3 | I55: The game may be canceled because of the rain. | J55: 그 경기는 비 때문에 취소될지도 모른다.
A56: 4 | B56: 수동태 | C56: 10 | D56: exist | E56: 동사 | F56: 존재하다 | G56: 중1 수준 | H56: 3
A57: 4 | B57: 수동태 | C57: 11 | D57: password | E57: 명사 | F57: 비밀번호 | G57: 중1 수준 | H57: 3 | I57: Your password must not be shared with anyone. | J57: 당신의 비밀번호는 누구와도 공유되어서는 안 된다.
A58: 4 | B58: 수동태 | C58: 12 | D58: rise | E58: 동사 | F58: 오르다 | G58: 중1 수준 | H58: 3
A59: 4 | B59: 수동태 | C59: 13 | D59: translate | E59: 동사 | F59: 번역하다 | G59: 중1 수준 | H59: 3 | I59: The movie became very popular, so it was translated into more than thirty languages. | J59: 그 영화는 큰 인기를 얻어서 30개가 넘는 언어로 번역되었다.
A60: 4 | B60: 수동태 | C60: 14 | D60: costume | E60: 명사 | F60: 의상 | G60: 중1 수준 | H60: 2 | I60: The students in the drama club made their own costumes for the play. | J60: 연극 동아리 학생들은 연극에 쓸 의상을 직접 만들었다.
A61: 4 | B61: 수동태 | C61: 15 | D61: invitation | E61: 명사 | F61: 초대장 | G61: 중1 수준 | H61: 2 | I61: The party invitations were not sent by Jason. | J61: 그 파티 초대장들은 Jason이 보낸 것이 아니었다.
A62: 4 | B62: 수동태 | C62: 16 | D62: follow | E62: 동사 | F62: 따르다, 지키다 | G62: 중1 수준 | H62: 4
A63: 4 | B63: 수동태 | C63: 17 | D63: online | E63: 부사 | F63: 온라인으로 | G63: 중1 수준 | H63: 2 | I63: The tickets were not sold online. | J63: 그 표들은 온라인으로 판매되지 않았다.
A64: 4 | B64: 수동태 | C64: 18 | D64: architect | E64: 명사 | F64: 건축가 | G64: 중1 수준 | H64: 1
A65: 4 | B65: 수동태 | C65: 19 | D65: carve | E65: 동사 | F65: 조각하다, 새기다 | G65: 중1 수준 | H65: 1 | I65: The pumpkin can be carved tonight.
A66: 4 | B66: 수동태 | C66: 20 | D66: invent | E66: 동사 | F66: 발명하다 | G66: 중1 수준 | H66: 1 | I66: The telephone was invented by Alexander Graham Bell.
A67: 4 | B67: 수동태 | C67: 21 | D67: produce | E67: 동사 | F67: 제작하다, 생산하다 | G67: 중1 수준 | H67: 1 | I67: Most of the songs on this album were produced in a small studio that the singer built in his garage.
A68: 4 | B68: 수동태 | C68: 22 | D68: skeleton | E68: 명사 | F68: 뼈대, 골격 | G68: 중1 수준 | H68: 2 | I68: The giant whale skeleton that hangs in the museum's main hall was found on a beach in 1950.
A69: 5 | B69: to부정사 | C69: 1 | D69: decide | E69: 동사 | F69: 결심하다, 결정하다 | G69: 중1 수준 | H69: 23 | I69: My brother decided not to play games on weekdays. | J69: 우리 형은 평일에는 게임을 하지 않기로 결심했다.
A70: 5 | B70: to부정사 | C70: 2 | D70: allow | E70: 동사 | F70: 허락하다 | G70: 중1 수준 | H70: 11 | I70: Dad allowed me to stay up until eleven. | J70: 아빠는 내가 11시까지 안 자고 있어도 된다고 허락하셨다.
A71: 5 | B71: to부정사 | C71: 3 | D71: hope | E71: 동사 | F71: 바라다 | G71: 중1 수준 | H71: 5 | I71: Jiwoo hopes to win the singing contest. | J71: Jiwoo 는 그 노래 대회에서 우승하기를 바란다.
A72: 5 | B72: to부정사 | C72: 4 | D72: solve | E72: 동사 | F72: 풀다, 해결하다 | G72: 중1 수준 | H72: 10 | I72: You must be smart to solve this puzzle so fast. | J72: 이 퍼즐을 그렇게 빨리 풀다니 너는 똑똑한 게 틀림없다.
A73: 5 | B73: to부정사 | C73: 5 | D73: encourage | E73: 동사 | F73: 격려하다, 북돋우다 | G73: 중2·3 수준 | H73: 1
A74: 5 | B74: to부정사 | C74: 6 | D74: expect | E74: 동사 | F74: 예상하다, 기대하다 | G74: 중1 수준 | H74: 6 | I74: Ryan found it easier than he expected to make friends at his new school. | J74: Ryan은 새 학교에서 친구를 사귀는 것이 생각보다 쉽다는 것을 알게 되었다.
A75: 5 | B75: to부정사 | C75: 7 | D75: promise | E75: 동사 | F75: 약속하다 | G75: 중1 수준 | H75: 6 | I75: The players promised not to complain to the referee. | J75: 그 선수들은 심판에게 불평하지 않기로 약속했다.
A76: 5 | B76: to부정사 | C76: 8 | D76: goal | E76: 명사 | F76: 목표 | G76: 중1 수준 | H76: 9 | I76: Sora's goal is to read twenty books this year. | J76: Sora 의 목표는 올해 책 스무 권을 읽는 것이다.
A77: 5 | B77: to부정사 | C77: 9 | D77: agree | E77: 동사 | F77: 동의하다 | G77: 중1 수준 | H77: 7 | I77: Last Sunday, Dad agreed to take us there.
A78: 5 | B78: to부정사 | C78: 10 | D78: advise | E78: 동사 | F78: 충고하다, 조언하다 | G78: 중1 수준 | H78: 4 | I78: The scientist who visited our school advised us to keep a notebook of our questions about nature.
A79: 5 | B79: to부정사 | C79: 11 | D79: persuade | E79: 동사 | F79: 설득하다 | G79: 중1 수준 | H79: 2 | I79: Jenny's older sister persuaded her to try out for the school musical.
A80: 5 | B80: to부정사 | C80: 12 | D80: repeat | E80: 동사 | F80: 반복하다 | G80: 중1 수준 | H80: 4 | I80: The director made the actors repeat the scene five times. | J80: 그 감독은 배우들에게 그 장면을 다섯 번 반복하게 했다.
A81: 5 | B81: to부정사 | C81: 13 | D81: brave | E81: 형용사 | F81: 용감한 | G81: 중1 수준 | H81: 2 | I81: But the audience's cheers made me feel brave.
A82: 5 | B82: to부정사 | C82: 14 | D82: shocked | E82: 형용사 | F82: 충격을 받은 | G82: 중1 수준 | H82: 1 | I82: We were shocked to discover a long line at the gate.
A83: 5 | B83: to부정사 | C83: 15 | D83: habit | E83: 명사 | F83: 습관 | G83: 중1 수준 | H83: 4 | I83: It is a good habit to stretch every morning. | J83: 매일 아침 스트레칭을 하는 것은 좋은 습관이다.
A84: 5 | B84: to부정사 | C84: 16 | D84: diary | E84: 명사 | F84: 일기 | G84: 중1 수준 | H84: 3 | I84: To keep a diary in English is not easy. | J84: 영어로 일기를 쓰는 것은 쉽지 않다.
A85: 5 | B85: to부정사 | C85: 17 | D85: retire | E85: 동사 | F85: 은퇴하다 | G85: 중1 수준 | H85: 1 | I85: Oh retired after forty years as a mail carrier, he suddenly had a lot of free time to fill.
A86: 5 | B86: to부정사 | C86: 18 | D86: shelf | E86: 명사 | F86: 선반, 책꽂이 | G86: 중1 수준 | H86: 3
A87: 5 | B87: to부정사 | C87: 19 | D87: staff | E87: 명사 | F87: 직원 | G87: 중1 수준 | H87: 1 | I87: Since the festival was so crowded, the staff told everyone to stay close to their group.
A88: 5 | B88: to부정사 | C88: 20 | D88: save | E88: 동사 | F88: (돈을) 모으다, 저축하다 | G88: 중1 수준 | H88: 6 | I88: Her plan is to save money.
A89: 5 | B89: to부정사 | C89: 21 | D89: community | E89: 명사 | F89: 지역 사회 | G89: 중1 수준 | H89: 2 | I89: Then his daughter took him to the community center, where there are always children to teach.
A90: 5 | B90: to부정사 | C90: 22 | D90: impressive | E90: 형용사 | F90: 인상적인 | G90: 중1 수준 | H90: 2
A91: 5 | B91: to부정사 | C91: 23 | D91: palace | E91: 명사 | F91: 궁전 | G91: 중1 수준 | H91: 1 | I91: The museum was closed on Monday, so we chose to visit the old palace instead.
A92: 6 | B92: 동명사 | C92: 1 | D92: enjoy | E92: 동사 | F92: 즐기다 | G92: 중1 수준 | H92: 22 | I92: Grandpa enjoys working in his garden. | J92: 할아버지는 정원에서 일하시는 것을 즐기신다.
A93: 6 | B93: 동명사 | C93: 2 | D93: remember | E93: 동사 | F93: 기억하다 | G93: 중1 수준 | H93: 22 | I93: I remember visiting this place as a child. | J93: 나는 어릴 때 이곳에 와 본 것을 기억한다.
A94: 6 | B94: 동명사 | C94: 3 | D94: forget | E94: 동사 | F94: 잊다 | G94: 중1 수준 | H94: 10 | I94: Don't forget to bring your swimsuit tomorrow. | J94: 내일 수영복 가져오는 것 잊지 마.
A95: 6 | B95: 동명사 | C95: 4 | D95: avoid | E95: 동사 | F95: 피하다 | G95: 중1 수준 | H95: 8 | I95: My mom avoids drinking coffee at night. | J95: 우리 엄마는 밤에는 커피 마시는 것을 피하신다.
A96: 6 | B96: 동명사 | C96: 5 | D96: collect | E96: 동사 | F96: 모으다, 수집하다 | G96: 중1 수준 | H96: 3 | I96: Collecting shells on the beach is Hana's hobby. | J96: 해변에서 조개껍데기를 모으는 것은 Hana 의 취미이다.
A97: 6 | B97: 동명사 | C97: 6 | D97: refuse | E97: 동사 | F97: 거절하다, 거부하다 | G97: 중1 수준 | H97: 5 | I97: Lucy refused to give up. | J97: Lucy 는 포기하기를 거부했다.
A98: 6 | B98: 동명사 | C98: 7 | D98: travel | E98: 동사 | F98: 여행하다 | G98: 중1 수준 | H98: 9 | I98: My grandparents have spent a lot of time traveling to different countries over the past ten years. | J98: 우리 조부모님은 지난 10년 동안 여러 나라를 여행하는 데 많은 시간을 보내셨다.
A99: 6 | B99: 동명사 | C99: 8 | D99: invite | E99: 동사 | F99: 초대하다 | G99: 중1 수준 | H99: 1 | I99: Instead of inviting many people, we had a small party. | J99: 많은 사람을 초대하는 대신 우리는 작은 파티를 열었다.
A100: 6 | B100: 동명사 | C100: 9 | D100: regret | E100: 동사 | F100: 후회하다 | G100: 중1 수준 | H100: 4 | I100: My cousin, who works at a zoo, says she never regrets choosing a job with animals.
...

Sheet 중3
A1: 장 | B1: 장 이름 | C1: 번호 | D1: 단어 | E1: 품사 | F1: 뜻 | G1: 수준 | H1: 이 장에서 나온 횟수 | I1: 예문 (이 장에서) | J1: 예문 해석
A2: 1 | B2: 완료 시제 | C2: 1 | D2: finally | E2: 부사 | F2: 마침내 | G2: 중1 수준 | H2: 14 | I2: Ethan finally found the key he had lost a week before. | J2: Ethan 은 일주일 전에 잃어버렸던 열쇠를 마침내 찾았다.
A3: 1 | B3: 완료 시제 | C3: 2 | D3: realize | E3: 동사 | F3: 깨닫다 | G3: 중1 수준 | H3: 6 | I3: Minho realized that he had left his phone on the bus. | J3: Minho 는 자기 휴대폰을 버스에 두고 내렸다는 것을 깨달았다.
A4: 1 | B4: 완료 시제 | C4: 3 | D4: move | E4: 동사 | F4: 이사하다, 움직이다 | G4: 중1 수준 | H4: 10 | I4: Jake had lived in Busan for ten years before he moved. | J4: Jake 는 이사하기 전까지 부산에서 10년 동안 살았다.
A5: 1 | B5: 완료 시제 | C5: 4 | D5: perform | E5: 동사 | F5: 공연하다, 수행하다 | G5: 중1 수준 | H5: 3 | I5: The actor has been performing at the same theater for ten years. | J5: 그 배우는 10년째 같은 극장에서 공연해 오고 있다.
A6: 1 | B6: 완료 시제 | C6: 5 | D6: belong | E6: 동사 | F6: (~에) 속하다 | G6: 중1 수준 | H6: 2
A7: 1 | B7: 완료 시제 | C7: 6 | D7: disappear | E7: 동사 | F7: 사라지다 | G7: 중1 수준 | H7: 2
A8: 1 | B8: 완료 시제 | C8: 7 | D8: palace | E8: 명사 | F8: 궁전 | G8: 중1 수준 | H8: 2 | I8: The museum guide asked if we had toured the palace before.
A9: 1 | B9: 완료 시제 | C9: 8 | D9: principal | E9: 명사 | F9: 교장 | G9: 중1 수준 | H9: 2 | I9: How long had the students been rehearsing the play when the principal came to watch?
A10: 1 | B10: 완료 시제 | C10: 9 | D10: suddenly | E10: 부사 | F10: 갑자기 | G10: 중1 수준 | H10: 1 | I10: But in the final round, it stopped suddenly.
A11: 1 | B11: 완료 시제 | C11: 10 | D11: theater | E11: 명사 | F11: 극장 | G11: 중1 수준 | H11: 3 | I11: The actor has been performing at the same theater for ten years. | J11: 그 배우는 10년째 같은 극장에서 공연해 오고 있다.
A12: 1 | B12: 완료 시제 | C12: 11 | D12: entire | E12: 형용사 | F12: 전체의, 온 | G12: 중2·3 수준 | H12: 1 | I12: Mina's voice was hoarse because she had been cheering for her team throughout the entire championship game.
A13: 1 | B13: 완료 시제 | C13: 12 | D13: tiny | E13: 형용사 | F13: 아주 작은 | G13: 중1 수준 | H13: 1 | I13: When the documentary crew returned to the island ten years later, the tiny village had grown into a busy town.
A14: 1 | B14: 완료 시제 | C14: 13 | D14: neighbor | E14: 명사 | F14: 이웃 | G14: 중1 수준 | H14: 2 | I14: Not only my mom but also our neighbors love the flowers in our garden. | J14: 엄마뿐만 아니라 이웃들도 우리 정원의 꽃을 좋아한다.
A15: 1 | B15: 완료 시제 | C15: 14 | D15: climb | E15: 동사 | F15: 오르다 | G15: 중1 수준 | H15: 3
A16: 1 | B16: 완료 시제 | C16: 15 | D16: carry | E16: 동사 | F16: 나르다, 들고 가다 | G16: 중1 수준 | H16: 4 | I16: Minho was very hungry at lunch because he had been carrying boxes all morning. | J16: Minho는 아침 내내 상자를 나르고 있었기 때문에 점심때 무척 배가 고팠다.
A17: 2 | B17: 조동사 | C17: 1 | D17: rise | E17: 동사 | F17: 부풀다, 오르다 | G17: 중1 수준 | H17: 7 | I17: The bread dough must have risen well. | J17: 빵 반죽이 잘 부풀었음에 틀림없다.
A18: 2 | B18: 조동사 | C18: 2 | D18: asleep | E18: 형용사 | F18: 잠든 | G18: - | H18: 7 | I18: Dad isn't answering his phone. He might have fallen asleep. | J18: 아빠가 전화를 안 받으신다. 잠이 드셨을지도 모른다.
A19: 2 | B19: 조동사 | C19: 3 | D19: pass | E19: 동사 | F19: 합격하다, 통과하다 | G19: 기초 | H19: 0 | I19: Jisoo is smiling. She must have passed the test. | J19: Jisoo 가 웃고 있다. 그녀는 시험에 합격했음에 틀림없다.
A20: 2 | B20: 조동사 | C20: 4 | D20: receive | E20: 동사 | F20: 받다 | G20: 중1 수준 | H20: 5 | I20: Chris must have received a lot of gifts on his birthday. He was smiling all day. | J20: Chris는 생일에 선물을 많이 받았음에 틀림없다. 그는 하루 종일 웃고 있었다.
A21: 2 | B21: 조동사 | C21: 5 | D21: survive | E21: 동사 | F21: 살아남다, 견뎌 내다 | G21: 중1 수준 | H21: 3 | I21: The scientists who studied this old tree believe that it must have survived several big storms.
A22: 2 | B22: 조동사 | C22: 6 | D22: advance | E22: 명사 | F22: (in ~) 미리 | G22: 중1 수준 | H22: 2 | I22: We should have booked the tickets in advance. | J22: 우리는 표를 미리 예약했어야 했다.
A23: 2 | B23: 조동사 | C23: 7 | D23: dinosaur | E23: 명사 | F23: 공룡 | G23: - | H23: 2 | I23: Scientists are still not sure why the dinosaurs disappeared.
A24: 2 | B24: 조동사 | C24: 8 | D24: goal | E24: 명사 | F24: 골, 득점 | G24: 중1 수준 | H24: 2 | I24: Our team must have scored a goal.
A25: 2 | B25: 조동사 | C25: 9 | D25: huge | E25: 형용사 | F25: 거대한, 엄청난 | G25: 중1 수준 | H25: 2 | I25: Looking at the huge bill, Dad said that we shouldn't have ordered so many desserts.
A26: 2 | B26: 조동사 | C26: 10 | D26: hurry | E26: 동사 | F26: 서두르다 | G26: 중1 수준 | H26: 2
A27: 2 | B27: 조동사 | C27: 11 | D27: island | E27: 명사 | F27: 섬 | G27: 중1 수준 | H27: 3 | I27: The diver who found the old ship must have known the sea around the island very well.
A28: 2 | B28: 조동사 | C28: 12 | D28: note | E28: 명사 | F28: 쪽지, 메모 | G28: 중1 수준 | H28: 2 | I28: The violinist who played at the opening ceremony must have rehearsed the piece for weeks, because she didn't miss a single note.
A29: 2 | B29: 조동사 | C29: 13 | D29: sunlight | E29: 명사 | F29: 햇빛 | G29: - | H29: 2 | I29: The dust from the crash may have blocked sunlight for years.
A30: 2 | B30: 조동사 | C30: 14 | D30: thief | E30: 명사 | F30: 도둑 | G30: 중1 수준 | H30: 1 | I30: At first, I thought a thief might have broken in.
A31: 2 | B31: 조동사 | C31: 15 | D31: asteroid | E31: 명사 | F31: 소행성 | G31: 중1 수준 | H31: 1 | I31: Many believe that a huge asteroid must have hit the Earth about 66 million years ago.
A32: 2 | B32: 조동사 | C32: 16 | D32: confident | E32: 형용사 | F32: 자신감 있는 | G32: 중1 수준 | H32: 1
A33: 2 | B33: 조동사 | C33: 17 | D33: delete | E33: 동사 | F33: 삭제하다, 지우다 | G33: 중2·3 수준 | H33: 1 | I33: You shouldn't have deleted those photos. They were our best ones.
A34: 2 | B34: 조동사 | C34: 18 | D34: footprint | E34: 명사 | F34: 발자국 | G34: 중2·3 수준 | H34: 1 | I34: There are tiny footprints in the snow. A rabbit must have hopped by.
A35: 2 | B35: 조동사 | C35: 19 | D35: notice | E35: 동사 | F35: 알아차리다 | G35: 중1 수준 | H35: 1 | I35: Mia may not have noticed me.
A36: 2 | B36: 조동사 | C36: 20 | D36: several | E36: 형용사 | F36: 몇몇의, 여러 | G36: 중1 수준 | H36: 1 | I36: The scientists who studied this old tree believe that it must have survived several big storms.
A37: 2 | B37: 조동사 | C37: 21 | D37: ground | E37: 명사 | F37: 땅, 지면 | G37: - | H37: 3 | I37: The ground is wet. It must have rained last night. | J37: 땅이 젖어 있다. 어젯밤에 비가 왔음에 틀림없다.
A38: 2 | B38: 조동사 | C38: 22 | D38: sneakers | E38: 명사 | F38: 운동화 | G38: 중1 수준 | H38: 2 | I38: I shouldn't have bought such expensive sneakers. | J38: 나는 그렇게 비싼 운동화를 사지 말았어야 했다.
A39: 3 | B39: 수동태 | C39: 1 | D39: allow | E39: 동사 | F39: 허락하다 | G39: 중1 수준 | H39: 22 | I39: Students are not allowed to use their phones during class. | J39: 학생들은 수업 시간에 휴대폰을 사용하는 것이 허락되지 않는다.
A40: 3 | B40: 수동태 | C40: 2 | D40: interested | E40: 형용사 | F40: 관심 있는 | G40: 중1 수준 | H40: 12 | I40: My older sister is interested in space. | J40: 우리 언니는 우주에 관심이 있다.
A41: 3 | B41: 수동태 | C41: 3 | D41: lend | E41: 동사 | F41: 빌려주다 | G41: 중1 수준 | H41: 12 | I41: My bike was lent to Junho for a week. | J41: 내 자전거는 일주일 동안 Junho 에게 빌려졌다.
A42: 3 | B42: 수동태 | C42: 4 | D42: name | E42: 동사 | F42: 이름을 짓다 | G42: 중1 수준 | H42: 15 | I42: Our cat was named Snow because of her white fur. | J42: 우리 고양이는 하얀 털 때문에 Snow 라는 이름이 붙었다.
A43: 3 | B43: 수동태 | C43: 5 | D43: offer | E43: 동사 | F43: 제공하다, 제안하다 | G43: 중1 수준 | H43: 9 | I43: A free drink is offered to every guest. | J43: 모든 손님에게 무료 음료가 제공된다.
A44: 3 | B44: 수동태 | C44: 6 | D44: complain | E44: 동사 | F44: 불평하다 | G44: 중1 수준 | H44: 5 | I44: The noise from upstairs was complained about by many neighbors. | J44: 위층에서 나는 소음에 대해 많은 이웃들이 불평했다.
A45: 3 | B45: 수동태 | C45: 7 | D45: expect | E45: 동사 | F45: 예상하다, 기대하다 | G45: 중1 수준 | H45: 4 | I45: Minjun was expected to win the race easily. | J45: Minjun 은 그 경주에서 쉽게 이길 것으로 예상되었다.
A46: 3 | B46: 수동태 | C46: 8 | D46: comment | E46: 동사 | F46: 댓글을 달다, 논평하다 | G46: 중1 수준 | H46: 3
A47: 3 | B47: 수동태 | C47: 9 | D47: consider | E47: 동사 | F47: ~로 여기다, 고려하다 | G47: 중1 수준 | H47: 3 | I47: Our science teacher is considered the funniest teacher in school.
A48: 3 | B48: 수동태 | C48: 10 | D48: post | E48: 동사 | F48: 게시하다, 올리다 | G48: 중1 수준 | H48: 3 | I48: Have the test results been posted yet? | J48: 시험 결과가 벌써 게시되었니?
A49: 3 | B49: 수동태 | C49: 11 | D49: advise | E49: 동사 | F49: 충고하다, 조언하다 | G49: 중1 수준 | H49: 2 | I49: Since the road was closed, all the drivers were advised to take a different route.
A50: 3 | B50: 수동태 | C50: 12 | D50: block | E50: 동사 | F50: 막다, 차단하다 | G50: 중1 수준 | H50: 2 | I50: When we arrived, the road had been blocked by snow. | J50: 우리가 도착했을 때 길은 눈으로 막혀 있었다.
A51: 3 | B51: 수동태 | C51: 13 | D51: childhood | E51: 명사 | F51: 어린 시절 | G51: - | H51: 2 | I51: The old house where Grandma spent her childhood is now taken care of by my uncle. | J51: 할머니가 어린 시절을 보낸 그 오래된 집은 지금 우리 삼촌이 돌보고 있다.
A52: 3 | B52: 수동태 | C52: 14 | D52: follow | E52: 동사 | F52: 따르다, 지키다 | G52: 중1 수준 | H52: 2 | I52: The rules are not being followed properly. | J52: 그 규칙들은 제대로 지켜지지 않고 있다.
A53: 3 | B53: 수동태 | C53: 15 | D53: hallway | E53: 명사 | F53: 복도 | G53: 중1 수준 | H53: 2 | I53: The hallway floor is being cleaned, so please walk carefully. | J53: 복도 바닥이 청소되고 있으니 조심해서 걸어 주세요.
A54: 3 | B54: 수동태 | C54: 16 | D54: load | E54: 동사 | F54: 싣다 | G54: 중1 수준 | H54: 2
A55: 3 | B55: 수동태 | C55: 17 | D55: local | E55: 형용사 | F55: 지역의, 현지의 | G55: 중1 수준 | H55: 2 | I55: Our art club was sent some paints by a local artist.
A56: 3 | B56: 수동태 | C56: 18 | D56: share | E56: 동사 | F56: 나누다, 공유하다 | G56: 중1 수준 | H56: 2 | I56: The fruit is being shared now.
A57: 3 | B57: 수동태 | C57: 19 | D57: skeleton | E57: 명사 | F57: 골격, 뼈대 | G57: 중1 수준 | H57: 1 | I57: Our city museum has a new star: a dinosaur skeleton.
A58: 3 | B58: 수동태 | C58: 20 | D58: expert | E58: 명사 | F58: 전문가 | G58: 중1 수준 | H58: 1 | I58: At the moment, the last few bones are being put into place by a team of experts.
A59: 3 | B59: 수동태 | C59: 21 | D59: public | E59: 명사 | F59: 대중, 일반인 | G59: 중2·3 수준 | H59: 2 | I59: Has the new library been opened to the public yet?
A60: 3 | B60: 수동태 | C60: 22 | D60: uniform | E60: 명사 | F60: 유니폼, 제복 | G60: 고교 수준 | H60: 1 | I60: The players' uniforms are being washed right now.
A61: 4 | B61: to부정사 | C61: 1 | D61: solve | E61: 동사 | F61: 풀다, 해결하다 | G61: 중1 수준 | H61: 13 | I61: The math problem was too hard to solve in ten minutes. | J61: 그 수학 문제는 너무 어려워서 10분 안에 풀 수 없었다.
A62: 4 | B62: to부정사 | C62: 2 | D62: claim | E62: 동사 | F62: 주장하다 | G62: 중2·3 수준 | H62: 7 | I62: The old man claims to have lived in this town for eighty years.
A63: 4 | B63: to부정사 | C63: 3 | D63: pretend | E63: 동사 | F63: ~인 척하다 | G63: 중1 수준 | H63: 6 | I63: My little brother pretended to have finished his homework. | J63: 내 남동생은 숙제를 다 끝낸 척했다.
A64: 4 | B64: to부정사 | C64: 4 | D64: disturb | E64: 동사 | F64: 방해하다 | G64: 중2·3 수준 | H64: 5 | I64: He asked not to be disturbed. | J64: 그는 방해받지 않기를 부탁했다.
A65: 4 | B65: to부정사 | C65: 5 | D65: generous | E65: 형용사 | F65: 너그러운, 후한 | G65: 중2·3 수준 | H65: 6 | I65: It was generous of the flower shop to send us bags of soil.
A66: 4 | B66: to부정사 | C66: 6 | D66: polite | E66: 형용사 | F66: 예의 바른 | G66: 중1 수준 | H66: 4 | I66: It was polite of the guests to take off their shoes at the door. | J66: 문 앞에서 신발을 벗다니 그 손님들은 예의 발랐다.
A67: 4 | B67: to부정사 | C67: 7 | D67: thoughtful | E67: 형용사 | F67: 사려 깊은 | G67: 중2·3 수준 | H67: 4 | I67: It was thoughtful of my mom to choose a meeting place near the entrance in case anyone got lost.
A68: 4 | B68: to부정사 | C68: 8 | D68: announce | E68: 동사 | F68: 발표하다 | G68: 중2·3 수준 | H68: 3
A69: 4 | B69: to부정사 | C69: 9 | D69: appear | E69: 동사 | F69: ~인 것 같다, 나타나다 | G69: - | H69: 3 | I69: Grandpa appears to have fallen asleep on the sofa.
A70: 4 | B70: to부정사 | C70: 10 | D70: chance | E70: 명사 | F70: 기회 | G70: 중1 수준 | H70: 3 | I70: Junseo was excited to be given a second chance. | J70: Junseo 는 두 번째 기회를 받게 되어 신이 났다.
A71: 4 | B71: to부정사 | C71: 11 | D71: confusing | E71: 형용사 | F71: 헷갈리는 | G71: 중1 수준 | H71: 3 | I71: The rule was so confusing that we could not understand it. | J71: 그 규칙은 너무 헷갈려서 우리는 그것을 이해할 수 없었다.
A72: 4 | B72: to부정사 | C72: 12 | D72: ignore | E72: 동사 | F72: 무시하다 | G72: 중2·3 수준 | H72: 3
A73: 4 | B73: to부정사 | C73: 13 | D73: national | E73: 형용사 | F73: 국가의, 전국적인 | G73: 중2·3 수준 | H73: 3 | I73: Seoyeon hopes to be selected for the national team. | J73: Seoyeon 은 국가대표팀에 선발되기를 바란다.
A74: 4 | B74: to부정사 | C74: 14 | D74: yard | E74: 명사 | F74: 마당 | G74: 중1 수준 | H74: 2
A75: 4 | B75: to부정사 | C75: 15 | D75: statue | E75: 명사 | F75: 조각상, 동상 | G75: 중1 수준 | H75: 2 | I75: During our trip to Rome, my family visited a huge museum full of ancient statues.
A76: 4 | B76: to부정사 | C76: 16 | D76: natural | E76: 형용사 | F76: 자연스러운 | G76: 중1 수준 | H76: 2
A77: 4 | B77: to부정사 | C77: 17 | D77: appoint | E77: 동사 | F77: 임명하다 | G77: 중1 수준 | H77: 1 | I77: Mr. Han was appointed the new coach last week.
A78: 4 | B78: to부정사 | C78: 18 | D78: argue | E78: 동사 | F78: 말다툼하다 | G78: 중1 수준 | H78: 1
A79: 4 | B79: to부정사 | C79: 19 | D79: craftsman | E79: 명사 | F79: 장인, 공예가 | G79: 중1 수준 | H79: 1 | I79: The wooden toys in the display case seem to have been made by the same craftsman.
A80: 4 | B80: to부정사 | C80: 20 | D80: heat | E80: 동사 | F80: 데우다, 가열하다 | G80: 중1 수준 | H80: 1 | I80: Although the soup was delicious, it still needed to be heated a little more before serving.
A81: 4 | B81: to부정사 | C81: 21 | D81: instead | E81: 부사 | F81: 대신에 | G81: 중2·3 수준 | H81: 1 | I81: The directions that came with the new printer were too confusing for me to follow, so I watched a video instead.
A82: 4 | B82: to부정사 | C82: 22 | D82: vote | E82: 동사 | F82: (투표로) 뽑다 | G82: 중2·3 수준 | H82: 1 | I82: Jisu was voted the best singer in our class.
A83: 4 | B83: to부정사 | C83: 23 | D83: chart | E83: 명사 | F83: 도표 | G83: 중1 수준 | H83: 1 | I83: Inside, the walls were covered with maps and charts.
A84: 4 | B84: to부정사 | C84: 24 | D84: dynasty | E84: 명사 | F84: 왕조 | G84: 고교 수준 | H84: 1 | I84: This old stone bridge is said to have stood here since the Joseon Dynasty. | J84: 이 오래된 돌다리는 조선 시대부터 여기에 서 있었다고 한다.
A85: 5 | B85: 동명사 | C85: 1 | D85: apologize | E85: 동사 | F85: 사과하다 | G85: 중2·3 수준 | H85: 7 | I85: Sam apologized for not having called me back. | J85: Sam 은 나에게 다시 전화하지 않았던 것에 대해 사과했다.
A86: 5 | B86: 동명사 | C86: 2 | D86: recognize | E86: 동사 | F86: 알아보다 | G86: 중1 수준 | H86: 6 | I86: The TV star hates being recognized on the street. | J86: 그 TV 스타는 길에서 사람들이 자기를 알아보는 것을 싫어한다.
A87: 5 | B87: 동명사 | C87: 3 | D87: accept | E87: 동사 | F87: 받아들이다, 받아 주다 | G87: 중1 수준 | H87: 4 | I87: Although she was disappointed about not having been accepted into the youth orchestra, Jisoo never stopped practicing. | J87: 청소년 오케스트라에 합격하지 못한 것에 실망했지만, Jisoo는 연습을 절대 멈추지 않았다.
A88: 5 | B88: 동명사 | C88: 4 | D88: admit | E88: 동사 | F88: 인정하다 | G88: 중1 수준 | H88: 5 | I88: Ben admitted having used my umbrella. | J88: Ben은 내 우산을 쓴 것을 인정했다.
A89: 5 | B89: 동명사 | C89: 5 | D89: compare | E89: 동사 | F89: 비교하다 | G89: 중1 수준 | H89: 4 | I89: She also hated being compared with older players.
A90: 5 | B90: 동명사 | C90: 6 | D90: photograph | E90: 동사 | F90: 사진을 찍다 | G90: 중1 수준 | H90: 4 | I90: My grandma doesn't like being photographed. | J90: 우리 할머니는 사진 찍히는 것을 좋아하지 않으신다.
A91: 5 | B91: 동명사 | C91: 7 | D91: mention | E91: 동사 | F91: 언급하다 | G91: 중1 수준 | H91: 3 | I91: The small café is proud of having been mentioned in a famous travel book.
A92: 5 | B92: 동명사 | C92: 8 | D92: speech | E92: 명사 | F92: 말하기, 연설 | G92: 중1 수준 | H92: 3 | I92: Minho is proud of having won the speech contest. | J92: Minho 는 말하기 대회에서 우승했던 것을 자랑스러워한다.
A93: 5 | B93: 동명사 | C93: 9 | D93: autograph | E93: 명사 | F93: (유명인의) 사인 | G93: - | H93: 2 | I93: The actor is used to being asked for autographs on the street. | J93: 그 배우는 길에서 사인을 요청받는 것에 익숙하다.
A94: 5 | B94: 동명사 | C94: 10 | D94: compete | E94: 동사 | F94: 겨루다, 경쟁하다 | G94: 중1 수준 | H94: 2
A95: 5 | B95: 동명사 | C95: 11 | D95: costume | E95: 명사 | F95: 의상 | G95: 중1 수준 | H95: 2 | I95: Sujin is proud of having made all the costumes for our school play. | J95: Sujin은 우리 학교 연극의 의상을 모두 만든 것을 자랑스러워한다.
A96: 5 | B96: 동명사 | C96: 12 | D96: dislike | E96: 동사 | F96: 싫어하다 | G96: - | H96: 2 | I96: My little sister dislikes being ignored.
A97: 5 | B97: 동명사 | C97: 13 | D97: insist | E97: 동사 | F97: 고집하다, 주장하다 | G97: 중2·3 수준 | H97: 2 | I97: My little sister insisted on being carried up the hill.
A98: 5 | B98: 동명사 | C98: 14 | D98: push | E98: 동사 | F98: 몰아붙이다, 밀다 | G98: 중1 수준 | H98: 2
A99: 5 | B99: 동명사 | C99: 15 | D99: appreciate | E99: 동사 | F99: 고마워하다 | G99: 중1 수준 | H99: 1 | I99: The tourists appreciated being guided through the old palace.
A100: 5 | B100: 동명사 | C100: 16 | D100: award | E100: 명사 | F100: 상 | G100: 중2·3 수준 | H100: 2
...
